Fecha,TCR 1/
7/11/13,7.88944
8/11/13,7.87041
9/11/13,7.87041
10/11/13,7.87041
11/11/13,7.86206
12/11/13,7.87194
13/11/13,7.87941
14/11/13,7.91141
15/11/13,7.9144
16/11/13,7.9144
17/11/13,7.9144
18/11/13,7.90038
19/11/13,7.90746
20/11/13,7.91874
21/11/13,7.91907
22/11/13,7.90322
23/11/13,7.90322
24/11/13,7.90322
25/11/13,7.88381
26/11/13,7.88636
27/11/13,7.88371
28/11/13,7.88974
29/11/13,7.90052
30/11/13,7.90052
1/12/13,7.90052
2/12/13,7.89456
3/12/13,7.88589
4/12/13,7.87218
5/12/13,7.86004
6/12/13,7.85954
7/12/13,7.85954
8/12/13,7.85954
9/12/13,7.86089
10/12/13,7.85288
11/12/13,7.85589
12/12/13,7.87151
13/12/13,7.8729
14/12/13,7.8729
15/12/13,7.8729
16/12/13,7.87791
17/12/13,7.87292
18/12/13,7.87675
19/12/13,7.87939
20/12/13,7.87256
21/12/13,7.87256
22/12/13,7.87256
23/12/13,7.85228
24/12/13,7.84394
25/12/13,7.84394
26/12/13,7.84707
27/12/13,7.83401
28/12/13,7.83401
29/12/13,7.83401
30/12/13,7.84137
31/12/13,7.84137
1/01/14,7.84137
2/01/14,7.85738
3/01/14,7.86073
4/01/14,7.86073
5/01/14,7.86073
6/01/14,7.86451
7/01/14,7.88116
8/01/14,7.88673
9/01/14,7.88808
10/01/14,7.87985
11/01/14,7.87985
12/01/14,7.87985
13/01/14,7.85968
14/01/14,7.83971
15/01/14,7.82857
16/01/14,7.83054
17/01/14,7.83127
18/01/14,7.83127
19/01/14,7.83127
20/01/14,7.82465
21/01/14,7.83159
22/01/14,7.83621
23/01/14,7.84648
24/01/14,7.85223
25/01/14,7.85223
26/01/14,7.85223
27/01/14,7.85098
28/01/14,7.84032
29/01/14,7.82835
30/01/14,7.81555
31/01/14,7.81093
1/02/14,7.81093
2/02/14,7.81093
3/02/14,7.79949
4/02/14,7.79349
5/02/14,7.79321
6/02/14,7.79456
7/02/14,7.77945
8/02/14,7.77945
9/02/14,7.77945
10/02/14,7.76597
11/02/14,7.76766
12/02/14,7.7674
13/02/14,7.75407
14/02/14,7.74738
15/02/14,7.74738
16/02/14,7.74738
17/02/14,7.73881
18/02/14,7.75061
19/02/14,7.75263
20/02/14,7.7563
21/02/14,7.74272
22/02/14,7.74272
23/02/14,7.74272
24/02/14,7.73567
25/02/14,7.74419
26/02/14,7.74437
27/02/14,7.75169
28/02/14,7.74427
1/03/14,7.74427
2/03/14,7.74427
3/03/14,7.73249
4/03/14,7.72814
5/03/14,7.72901
6/03/14,7.73378
7/03/14,7.74218
8/03/14,7.74218
9/03/14,7.74218
10/03/14,7.74894
11/03/14,7.73801
12/03/14,7.73609
13/03/14,7.72831
14/03/14,7.71624
15/03/14,7.71624
16/03/14,7.71624
17/03/14,7.71399
18/03/14,7.71418
19/03/14,7.71711
20/03/14,7.71973
21/03/14,7.72518
22/03/14,7.72518
23/03/14,7.72518
24/03/14,7.72914
25/03/14,7.73417
26/03/14,7.73356
27/03/14,7.73121
28/03/14,7.72612
29/03/14,7.72612
30/03/14,7.72612
31/03/14,7.72782
1/04/14,7.72988
2/04/14,7.73974
3/04/14,7.76156
4/04/14,7.7716
5/04/14,7.7716
6/04/14,7.7716
7/04/14,7.7607
8/04/14,7.75605
9/04/14,7.75586
10/04/14,7.76542
11/04/14,7.76607
12/04/14,7.76607
13/04/14,7.76607
14/04/14,7.75817
15/04/14,7.75278
16/04/14,7.7494
17/04/14,7.7494
18/04/14,7.7494
19/04/14,7.7494
20/04/14,7.7494
21/04/14,7.75216
22/04/14,7.75071
23/04/14,7.74862
24/04/14,7.74256
25/04/14,7.73947
26/04/14,7.73947
27/04/14,7.73947
28/04/14,7.73465
29/04/14,7.73179
30/04/14,7.72494
1/05/14,7.72494
2/05/14,7.71998
3/05/14,7.71998
4/05/14,7.71998
5/05/14,7.71519
6/05/14,7.71249
7/05/14,7.70917
8/05/14,7.70729
9/05/14,7.71597
10/05/14,7.71597
11/05/14,7.71597
12/05/14,7.71677
13/05/14,7.71852
14/05/14,7.71677
15/05/14,7.71752
16/05/14,7.71473
17/05/14,7.71473
18/05/14,7.71473
19/05/14,7.71936
20/05/14,7.72409
21/05/14,7.73775
22/05/14,7.7475
23/05/14,7.75101
24/05/14,7.75101
25/05/14,7.75101
26/05/14,7.75561
27/05/14,7.76141
28/05/14,7.76047
29/05/14,7.77644
30/05/14,7.78525
31/05/14,7.78525
1/06/14,7.78525
2/06/14,7.78374
3/06/14,7.78011
4/06/14,7.79334
5/06/14,7.81268
6/06/14,7.83643
7/06/14,7.83643
8/06/14,7.83643
9/06/14,7.83767
10/06/14,7.8305
11/06/14,7.81978
12/06/14,7.81342
13/06/14,7.81502
14/06/14,7.81502
15/06/14,7.81502
16/06/14,7.81222
17/06/14,7.81311
18/06/14,7.81619
19/06/14,7.81764
20/06/14,7.81372
21/06/14,7.81372
22/06/14,7.81372
23/06/14,7.80366
24/06/14,7.79537
25/06/14,7.7911
26/06/14,7.78548
27/06/14,7.77861
28/06/14,7.77861
29/06/14,7.77861
30/06/14,7.77861
1/07/14,7.77861
2/07/14,7.77273
3/07/14,7.76416
4/07/14,7.75665
5/07/14,7.75665
6/07/14,7.75665
7/07/14,7.75057
8/07/14,7.75287
9/07/14,7.75243
10/07/14,7.74635
11/07/14,7.74947
12/07/14,7.74947
13/07/14,7.74947
14/07/14,7.7441
15/07/14,7.74376
16/07/14,7.74453
17/07/14,7.74642
18/07/14,7.75709
19/07/14,7.75709
20/07/14,7.75709
21/07/14,7.76724
22/07/14,7.77591
23/07/14,7.79609
24/07/14,7.7967
25/07/14,7.7992
26/07/14,7.7992
27/07/14,7.7992
28/07/14,7.79939
29/07/14,7.81455
30/07/14,7.82252
31/07/14,7.81606
1/08/14,7.80096
2/08/14,7.80096
3/08/14,7.80096
4/08/14,7.79968
5/08/14,7.80787
6/08/14,7.80965
7/08/14,7.81531
8/08/14,7.82708
9/08/14,7.82708
10/08/14,7.82708
11/08/14,7.83327
12/08/14,7.83944
13/08/14,7.83555
14/08/14,7.83292
15/08/14,7.83292
16/08/14,7.83292
17/08/14,7.83292
18/08/14,7.82541
19/08/14,7.81984
20/08/14,7.8218
21/08/14,7.81012
22/08/14,7.80016
23/08/14,7.80016
24/08/14,7.80016
25/08/14,7.78541
26/08/14,7.77387
27/08/14,7.76966
28/08/14,7.7704
29/08/14,7.76718
30/08/14,7.76718
31/08/14,7.76718
1/09/14,7.75315
2/09/14,7.75082
3/09/14,7.74827
4/09/14,7.73507
5/09/14,7.72327
6/09/14,7.72327
7/09/14,7.72327
8/09/14,7.71263
9/09/14,7.74343
10/09/14,7.76062
11/09/14,7.75666
12/09/14,7.73842
13/09/14,7.73842
14/09/14,7.73842
15/09/14,7.73842
16/09/14,7.72098
17/09/14,7.72136
18/09/14,7.71834
19/09/14,7.71433
20/09/14,7.71433
21/09/14,7.71433
22/09/14,7.71694
23/09/14,7.71862
24/09/14,7.71696
25/09/14,7.71734
26/09/14,7.70721
27/09/14,7.70721
28/09/14,7.70721
29/09/14,7.68901
30/09/14,7.67118
1/10/14,7.65935
2/10/14,7.66143
3/10/14,7.68746
4/10/14,7.68746
5/10/14,7.68746
6/10/14,7.6951
7/10/14,7.69179
8/10/14,7.68051
9/10/14,7.66381
10/10/14,7.65534
11/10/14,7.65534
12/10/14,7.65534
13/10/14,7.65534
14/10/14,7.64148
15/10/14,7.63869
16/10/14,7.63422
17/10/14,7.62971
18/10/14,7.62971
19/10/14,7.62971
20/10/14,7.62971
21/10/14,7.63748
22/10/14,7.64398
23/10/14,7.6472
24/10/14,7.63784
25/10/14,7.63784
26/10/14,7.63784
27/10/14,7.6115
28/10/14,7.60908
29/10/14,7.61717
30/10/14,7.61258
31/10/14,7.60939
1/11/14,7.60939
2/11/14,7.60939
3/11/14,7.60939
4/11/14,7.60177
5/11/14,7.60808
6/11/14,7.60571
7/11/14,7.60109
8/11/14,7.60109
9/11/14,7.60109
10/11/14,7.59663
11/11/14,7.60268
12/11/14,7.60573
13/11/14,7.60496
14/11/14,7.61211
15/11/14,7.61211
16/11/14,7.61211
17/11/14,7.61411
18/11/14,7.6217
19/11/14,7.62046
20/11/14,7.61751
21/11/14,7.61849
22/11/14,7.61849
23/11/14,7.61849
24/11/14,7.62285
25/11/14,7.62391
26/11/14,7.62428
27/11/14,7.6302
28/11/14,7.64657
29/11/14,7.64657
30/11/14,7.64657
1/12/14,7.64932
2/12/14,7.6446
3/12/14,7.64359
4/12/14,7.63839
5/12/14,7.63218
6/12/14,7.63218
7/12/14,7.63218
8/12/14,7.63754
9/12/14,7.63845
10/12/14,7.63591
11/12/14,7.63702
12/12/14,7.6318
13/12/14,7.6318
14/12/14,7.6318
15/12/14,7.6297
16/12/14,7.62353
17/12/14,7.6167
18/12/14,7.6105
19/12/14,7.61472
20/12/14,7.61472
21/12/14,7.61472
22/12/14,7.6135
23/12/14,7.61352
24/12/14,7.61214
25/12/14,7.61214
26/12/14,7.60439
27/12/14,7.60439
28/12/14,7.60439
29/12/14,7.60041
30/12/14,7.59675
31/12/14,7.59675
1/01/15,7.59675
2/01/15,7.59748
3/01/15,7.59748
4/01/15,7.59748
5/01/15,7.59133
6/01/15,7.59153
7/01/15,7.5926
8/01/15,7.6108
9/01/15,7.63526
10/01/15,7.63526
11/01/15,7.63526
12/01/15,7.65646
13/01/15,7.67197
14/01/15,7.66638
15/01/15,7.65046
16/01/15,7.64817
17/01/15,7.64817
18/01/15,7.64817
19/01/15,7.64558
20/01/15,7.64253
21/01/15,7.64236
22/01/15,7.64221
23/01/15,7.64912
24/01/15,7.64912
25/01/15,7.64912
26/01/15,7.64911
27/01/15,7.65273
28/01/15,7.65305
29/01/15,7.65263
30/01/15,7.65538
31/01/15,7.65538
1/02/15,7.65538
2/02/15,7.65209
3/02/15,7.64892
4/02/15,7.64967
5/02/15,7.65162
6/02/15,7.65342
7/02/15,7.65342
8/02/15,7.65342
9/02/15,7.64981
10/02/15,7.64973
11/02/15,7.65372
12/02/15,7.65375
13/02/15,7.65048
14/02/15,7.65048
15/02/15,7.65048
16/02/15,7.65505
17/02/15,7.65122
18/02/15,7.64544
19/02/15,7.63997
20/02/15,7.63895
21/02/15,7.63895
22/02/15,7.63895
23/02/15,7.63448
24/02/15,7.63612
25/02/15,7.63403
26/02/15,7.63148
27/02/15,7.62728
28/02/15,7.62728
1/03/15,7.62728
2/03/15,7.62572
3/03/15,7.62453
4/03/15,7.62433
5/03/15,7.62267
6/03/15,7.62277
7/03/15,7.62277
8/03/15,7.62277
9/03/15,7.62343
10/03/15,7.62009
11/03/15,7.62122
12/03/15,7.6194
13/03/15,7.61371
14/03/15,7.61371
15/03/15,7.61371
16/03/15,7.61148
17/03/15,7.6124
18/03/15,7.61594
19/03/15,7.61763
20/03/15,7.62753
21/03/15,7.62753
22/03/15,7.62753
23/03/15,7.63307
24/03/15,7.63156
25/03/15,7.63452
26/03/15,7.63885
27/03/15,7.64469
28/03/15,7.64469
29/03/15,7.64469
30/03/15,7.64624
31/03/15,7.64485
1/04/15,7.63973
2/04/15,7.63973
3/04/15,7.63973
4/04/15,7.63973
5/04/15,7.63973
6/04/15,7.6369
7/04/15,7.63906
8/04/15,7.63984
9/04/15,7.64377
10/04/15,7.65456
11/04/15,7.65456
12/04/15,7.65456
13/04/15,7.65944
14/04/15,7.66327
15/04/15,7.66981
16/04/15,7.6719
17/04/15,7.68335
18/04/15,7.68335
19/04/15,7.68335
20/04/15,7.69998
21/04/15,7.70647
22/04/15,7.71904
23/04/15,7.73284
24/04/15,7.74629
25/04/15,7.74629
26/04/15,7.74629
27/04/15,7.76768
28/04/15,7.77216
29/04/15,7.76997
30/04/15,7.75679
1/05/15,7.75679
2/05/15,7.75679
3/05/15,7.75679
4/05/15,7.74508
5/05/15,7.73975
6/05/15,7.73775
7/05/15,7.7317
8/05/15,7.72137
9/05/15,7.72137
10/05/15,7.72137
11/05/15,7.70496
12/05/15,7.69392
13/05/15,7.68785
14/05/15,7.67053
15/05/15,7.63942
16/05/15,7.63942
17/05/15,7.63942
18/05/15,7.63058
19/05/15,7.63137
20/05/15,7.64437
21/05/15,7.65928
22/05/15,7.67203
23/05/15,7.67203
24/05/15,7.67203
25/05/15,7.67703
26/05/15,7.68364
27/05/15,7.68776
28/05/15,7.68189
29/05/15,7.66732
30/05/15,7.66732
31/05/15,7.66732
1/06/15,7.66822
2/06/15,7.66495
3/06/15,7.66802
4/06/15,7.68059
5/06/15,7.68959
6/06/15,7.68959
7/06/15,7.68959
8/06/15,7.69111
9/06/15,7.69191
10/06/15,7.68195
11/06/15,7.66603
12/06/15,7.65925
13/06/15,7.65925
14/06/15,7.65925
15/06/15,7.65385
16/06/15,7.64674
17/06/15,7.63559
18/06/15,7.63639
19/06/15,7.63571
20/06/15,7.63571
21/06/15,7.63571
22/06/15,7.62906
23/06/15,7.62544
24/06/15,7.61862
25/06/15,7.61686
26/06/15,7.62452
27/06/15,7.62452
28/06/15,7.62452
29/06/15,7.62452
30/06/15,7.62452
1/07/15,7.62646
2/07/15,7.62356
3/07/15,7.62103
4/07/15,7.62103
5/07/15,7.62103
6/07/15,7.61873
7/07/15,7.62588
8/07/15,7.63345
9/07/15,7.64123
10/07/15,7.64533
11/07/15,7.64533
12/07/15,7.64533
13/07/15,7.65648
14/07/15,7.66379
15/07/15,7.6609
16/07/15,7.6524
17/07/15,7.64617
18/07/15,7.64617
19/07/15,7.64617
20/07/15,7.64784
21/07/15,7.65518
22/07/15,7.65952
23/07/15,7.65967
24/07/15,7.66765
25/07/15,7.66765
26/07/15,7.66765
27/07/15,7.66737
28/07/15,7.66872
29/07/15,7.66773
30/07/15,7.6568
31/07/15,7.64871
1/08/15,7.64871
2/08/15,7.64871
3/08/15,7.64267
4/08/15,7.64508
5/08/15,7.64466
6/08/15,7.64109
7/08/15,7.63836
8/08/15,7.63836
9/08/15,7.63836
10/08/15,7.63788
11/08/15,7.65339
12/08/15,7.65424
13/08/15,7.64806
14/08/15,7.64295
15/08/15,7.64295
16/08/15,7.64295
17/08/15,7.64295
18/08/15,7.63625
19/08/15,7.63326
20/08/15,7.63098
21/08/15,7.62939
22/08/15,7.62939
23/08/15,7.62939
24/08/15,7.62775
25/08/15,7.6379
26/08/15,7.65449
27/08/15,7.67075
28/08/15,7.67843
29/08/15,7.67843
30/08/15,7.67843
31/08/15,7.67975
1/09/15,7.69189
2/09/15,7.70561
3/09/15,7.72867
4/09/15,7.73823
5/09/15,7.73823
6/09/15,7.73823
7/09/15,7.73172
8/09/15,7.72548
9/09/15,7.72299
10/09/15,7.72042
11/09/15,7.71497
12/09/15,7.71497
13/09/15,7.71497
14/09/15,7.6987
15/09/15,7.6987
16/09/15,7.67978
17/09/15,7.66422
18/09/15,7.65343
19/09/15,7.65343
20/09/15,7.65343
21/09/15,7.64882
22/09/15,7.64695
23/09/15,7.65393
24/09/15,7.67582
25/09/15,7.6889
26/09/15,7.6889
27/09/15,7.6889
28/09/15,7.68018
29/09/15,7.67092
30/09/15,7.67553
1/10/15,7.70218
2/10/15,7.72421
3/10/15,7.72421
4/10/15,7.72421
5/10/15,7.7178
6/10/15,7.70353
7/10/15,7.70169
8/10/15,7.69332
9/10/15,7.6783
10/10/15,7.6783
11/10/15,7.6783
12/10/15,7.6783
13/10/15,7.67563
14/10/15,7.66856
15/10/15,7.66599
16/10/15,7.66164
17/10/15,7.66164
18/10/15,7.66164
19/10/15,7.65892
20/10/15,7.65892
21/10/15,7.66826
22/10/15,7.67848
23/10/15,7.69293
24/10/15,7.69293
25/10/15,7.69293
26/10/15,7.69455
27/10/15,7.68585
28/10/15,7.68225
29/10/15,7.66872
30/10/15,7.66267
31/10/15,7.66267
1/11/15,7.66267
2/11/15,7.66267
3/11/15,7.65683
4/11/15,7.65443
5/11/15,7.65755
6/11/15,7.66465
7/11/15,7.66465
8/11/15,7.66465
9/11/15,7.67066
10/11/15,7.67154
11/11/15,7.66455
12/11/15,7.66007
13/11/15,7.65538
14/11/15,7.65538
15/11/15,7.65538
16/11/15,7.65278
17/11/15,7.64946
18/11/15,7.64663
19/11/15,7.64601
20/11/15,7.64733
21/11/15,7.64733
22/11/15,7.64733
23/11/15,7.63798
24/11/15,7.63219
25/11/15,7.62585
26/11/15,7.61658
27/11/15,7.6153
28/11/15,7.6153
29/11/15,7.6153
30/11/15,7.6123
1/12/15,7.60127
2/12/15,7.60146
3/12/15,7.60991
4/12/15,7.61056
5/12/15,7.61056
6/12/15,7.61056
7/12/15,7.61033
8/12/15,7.60634
9/12/15,7.60991
10/12/15,7.60951
11/12/15,7.60965
12/12/15,7.60965
13/12/15,7.60965
14/12/15,7.60854
15/12/15,7.60699
16/12/15,7.60684
17/12/15,7.61419
18/12/15,7.62032
19/12/15,7.62032
20/12/15,7.62032
21/12/15,7.62591
22/12/15,7.62035
23/12/15,7.6188
24/12/15,7.61371
25/12/15,7.61371
26/12/15,7.61371
27/12/15,7.61371
28/12/15,7.61165
29/12/15,7.61469
30/12/15,7.63237
31/12/15,7.63237
1/01/16,7.63237
2/01/16,7.63237
3/01/16,7.63237
4/01/16,7.64991
5/01/16,7.65319
6/01/16,7.65874
7/01/16,7.65497
8/01/16,7.65689
9/01/16,7.65689
10/01/16,7.65689
11/01/16,7.65119
12/01/16,7.64769
13/01/16,7.64711
14/01/16,7.63998
15/01/16,7.63183
16/01/16,7.63183
17/01/16,7.63183
18/01/16,7.62696
19/01/16,7.62803
20/01/16,7.62366
21/01/16,7.63355
22/01/16,7.64639
23/01/16,7.64639
24/01/16,7.64639
25/01/16,7.64692
26/01/16,7.65266
27/01/16,7.67507
28/01/16,7.68331
29/01/16,7.67713
30/01/16,7.67713
31/01/16,7.67713
1/02/16,7.66968
2/02/16,7.66188
3/02/16,7.65615
4/02/16,7.64707
5/02/16,7.64658
6/02/16,7.64658
7/02/16,7.64658
8/02/16,7.64849
9/02/16,7.64835
10/02/16,7.65332
11/02/16,7.65427
12/02/16,7.65634
13/02/16,7.65634
14/02/16,7.65634
15/02/16,7.65652
16/02/16,7.65728
17/02/16,7.66035
18/02/16,7.66327
19/02/16,7.66887
20/02/16,7.66887
21/02/16,7.66887
22/02/16,7.67079
23/02/16,7.67372
24/02/16,7.67296
25/02/16,7.67681
26/02/16,7.67658
27/02/16,7.67658
28/02/16,7.67658
29/02/16,7.68272
1/03/16,7.6874
2/03/16,7.68536
3/03/16,7.67735
4/03/16,7.67669
5/03/16,7.67669
6/03/16,7.67669
7/03/16,7.68343
8/03/16,7.69558
9/03/16,7.70047
10/03/16,7.70072
11/03/16,7.70784
12/03/16,7.70784
13/03/16,7.70784
14/03/16,7.72102
15/03/16,7.72912
16/03/16,7.73719
17/03/16,7.73953
18/03/16,7.74378
19/03/16,7.74378
20/03/16,7.74378
21/03/16,7.74411
22/03/16,7.7408
23/03/16,7.74124
24/03/16,7.74124
25/03/16,7.74124
26/03/16,7.74124
27/03/16,7.74124
28/03/16,7.73423
29/03/16,7.73113
30/03/16,7.72233
31/03/16,7.71106
1/04/16,7.71086
2/04/16,7.71086
3/04/16,7.71086
4/04/16,7.71065
5/04/16,7.7092
6/04/16,7.70969
7/04/16,7.71198
8/04/16,7.72085
9/04/16,7.72085
10/04/16,7.72085
11/04/16,7.72824
12/04/16,7.73533
13/04/16,7.73939
14/04/16,7.74527
15/04/16,7.74312
16/04/16,7.74312
17/04/16,7.74312
18/04/16,7.7342
19/04/16,7.73094
20/04/16,7.73884
21/04/16,7.74081
22/04/16,7.74027
23/04/16,7.74027
24/04/16,7.74027
25/04/16,7.74082
26/04/16,7.74028
27/04/16,7.74181
28/04/16,7.7372
29/04/16,7.73394
30/04/16,7.73394
1/05/16,7.73394
2/05/16,7.73394
3/05/16,7.72557
4/05/16,7.71734
5/05/16,7.71198
6/05/16,7.69892
7/05/16,7.69892
8/05/16,7.69892
9/05/16,7.66835
10/05/16,7.65407
11/05/16,7.64115
12/05/16,7.62418
13/05/16,7.63275
14/05/16,7.63275
15/05/16,7.63275
16/05/16,7.63739
17/05/16,7.63837
18/05/16,7.63789
19/05/16,7.63064
20/05/16,7.63454
21/05/16,7.63454
22/05/16,7.63454
23/05/16,7.63686
24/05/16,7.63938
25/05/16,7.63627
26/05/16,7.62943
27/05/16,7.62793
28/05/16,7.62793
29/05/16,7.62793
30/05/16,7.62545
31/05/16,7.62571
1/06/16,7.62543
2/06/16,7.62608
3/06/16,7.63283
4/06/16,7.63283
5/06/16,7.63283
6/06/16,7.64322
7/06/16,7.64491
8/06/16,7.64827
9/06/16,7.65164
10/06/16,7.66404
11/06/16,7.66404
12/06/16,7.66404
13/06/16,7.66959
14/06/16,7.66429
15/06/16,7.65454
16/06/16,7.64469
17/06/16,7.6373
18/06/16,7.6373
19/06/16,7.6373
20/06/16,7.63399
21/06/16,7.63037
22/06/16,7.62889
23/06/16,7.63501
24/06/16,7.64357
25/06/16,7.64357
26/06/16,7.64357
27/06/16,7.64025
28/06/16,7.63805
29/06/16,7.63668
30/06/16,7.63735
1/07/16,7.63735
2/07/16,7.63735
3/07/16,7.63735
4/07/16,7.63735
5/07/16,7.63601
6/07/16,7.63134
7/07/16,7.63009
8/07/16,7.62374
9/07/16,7.62374
10/07/16,7.62374
11/07/16,7.62053
12/07/16,7.61382
13/07/16,7.61372
14/07/16,7.61316
15/07/16,7.60867
16/07/16,7.60867
17/07/16,7.60867
18/07/16,7.59999
19/07/16,7.58633
20/07/16,7.58385
21/07/16,7.58402
22/07/16,7.59282
23/07/16,7.59282
24/07/16,7.59282
25/07/16,7.59058
26/07/16,7.57682
27/07/16,7.57537
28/07/16,7.56564
29/07/16,7.561
30/07/16,7.561
31/07/16,7.561
1/08/16,7.56021
2/08/16,7.55883
3/08/16,7.54981
4/08/16,7.54081
5/08/16,7.53887
6/08/16,7.53887
7/08/16,7.53887
8/08/16,7.53896
9/08/16,7.53719
10/08/16,7.53723
11/08/16,7.52367
12/08/16,7.50582
13/08/16,7.50582
14/08/16,7.50582
15/08/16,7.50582
16/08/16,7.50272
17/08/16,7.50094
18/08/16,7.51102
19/08/16,7.52229
20/08/16,7.52229
21/08/16,7.52229
22/08/16,7.52979
23/08/16,7.54246
24/08/16,7.55377
25/08/16,7.55431
26/08/16,7.55369
27/08/16,7.55369
28/08/16,7.55369
29/08/16,7.55444
30/08/16,7.55334
31/08/16,7.55319
1/09/16,7.54861
2/09/16,7.5435
3/09/16,7.5435
4/09/16,7.5435
5/09/16,7.54023
6/09/16,7.54224
7/09/16,7.53764
8/09/16,7.5361
9/09/16,7.53224
10/09/16,7.53224
11/09/16,7.53224
12/09/16,7.52631
13/09/16,7.52096
14/09/16,7.51893
15/09/16,7.51893
16/09/16,7.5178
17/09/16,7.5178
18/09/16,7.5178
19/09/16,7.51102
20/09/16,7.51232
21/09/16,7.51485
22/09/16,7.51666
23/09/16,7.51792
24/09/16,7.51792
25/09/16,7.51792
26/09/16,7.51718
27/09/16,7.51758
28/09/16,7.52305
29/09/16,7.52081
30/09/16,7.52067
1/10/16,7.52067
2/10/16,7.52067
3/10/16,7.51952
4/10/16,7.51245
5/10/16,7.51114
6/10/16,7.50508
7/10/16,7.4952
8/10/16,7.4952
9/10/16,7.4952
10/10/16,7.48385
11/10/16,7.47492
12/10/16,7.47492
13/10/16,7.46923
14/10/16,7.47152
15/10/16,7.47152
16/10/16,7.47152
17/10/16,7.47912
18/10/16,7.47579
19/10/16,7.48938
20/10/16,7.48938
21/10/16,7.49132
22/10/16,7.49132
23/10/16,7.49132
24/10/16,7.4996
25/10/16,7.50335
26/10/16,7.52313
27/10/16,7.5309
28/10/16,7.52554
29/10/16,7.52554
30/10/16,7.52554
31/10/16,7.5156
1/11/16,7.5156
2/11/16,7.50669
3/11/16,7.49747
4/11/16,7.5054
5/11/16,7.5054
6/11/16,7.5054
7/11/16,7.51299
8/11/16,7.51097
9/11/16,7.50379
10/11/16,7.50211
11/11/16,7.49656
12/11/16,7.49656
13/11/16,7.49656
14/11/16,7.49578
15/11/16,7.48971
16/11/16,7.49026
17/11/16,7.49217
18/11/16,7.49776
19/11/16,7.49776
20/11/16,7.49776
21/11/16,7.50531
22/11/16,7.50789
23/11/16,7.50703
24/11/16,7.50589
25/11/16,7.51556
26/11/16,7.51556
27/11/16,7.51556
28/11/16,7.51539
29/11/16,7.51297
30/11/16,7.51202
1/12/16,7.51636
2/12/16,7.52882
3/12/16,7.52882
4/12/16,7.52882
5/12/16,7.53688
6/12/16,7.53397
7/12/16,7.52755
8/12/16,7.51599
9/12/16,7.50953
10/12/16,7.50953
11/12/16,7.50953
12/12/16,7.50242
13/12/16,7.50252
14/12/16,7.5011
15/12/16,7.49512
16/12/16,7.49194
17/12/16,7.49194
18/12/16,7.49194
19/12/16,7.48553
20/12/16,7.47034
21/12/16,7.47063
22/12/16,7.47909
23/12/16,7.48714
24/12/16,7.48714
25/12/16,7.48714
26/12/16,7.48714
27/12/16,7.49119
28/12/16,7.49998
29/12/16,7.52213
30/12/16,7.52213
31/12/16,7.52213
1/01/17,7.52213
2/01/17,7.52213
3/01/17,7.54656
4/01/17,7.56079
5/01/17,7.55235
6/01/17,7.54267
7/01/17,7.54267
8/01/17,7.54267
9/01/17,7.53382
10/01/17,7.52624
11/01/17,7.53272
12/01/17,7.53074
13/01/17,7.53428
14/01/17,7.53428
15/01/17,7.53428
16/01/17,7.54601
17/01/17,7.54821
18/01/17,7.54003
19/01/17,7.5333
20/01/17,7.52503
21/01/17,7.52503
22/01/17,7.52503
23/01/17,7.51842
24/01/17,7.50753
25/01/17,7.49756
26/01/17,7.48319
27/01/17,7.4765
28/01/17,7.4765
29/01/17,7.4765
30/01/17,7.47461
31/01/17,7.47444
1/02/17,7.4717
2/02/17,7.46089
3/02/17,7.46017
4/02/17,7.46017
5/02/17,7.46017
6/02/17,7.44707
7/02/17,7.43918
8/02/17,7.43764
9/02/17,7.43727
10/02/17,7.43595
11/02/17,7.43595
12/02/17,7.43595
13/02/17,7.42943
14/02/17,7.42132
15/02/17,7.41644
16/02/17,7.4084
17/02/17,7.39213
18/02/17,7.39213
19/02/17,7.39213
20/02/17,7.38112
21/02/17,7.37878
22/02/17,7.37149
23/02/17,7.3653
24/02/17,7.35214
25/02/17,7.35214
26/02/17,7.35214
27/02/17,7.35441
28/02/17,7.36852
1/03/17,7.37503
2/03/17,7.37878
3/03/17,7.37393
4/03/17,7.37393
5/03/17,7.37393
6/03/17,7.3739
7/03/17,7.37579
8/03/17,7.37684
9/03/17,7.37335
10/03/17,7.37636
11/03/17,7.37636
12/03/17,7.37636
13/03/17,7.36932
14/03/17,7.37057
15/03/17,7.37397
16/03/17,7.37024
17/03/17,7.36039
18/03/17,7.36039
19/03/17,7.36039
20/03/17,7.34393
21/03/17,7.33606
22/03/17,7.33535
23/03/17,7.34
24/03/17,7.34394
25/03/17,7.34394
26/03/17,7.34394
27/03/17,7.34091
28/03/17,7.33534
29/03/17,7.3348
30/03/17,7.33666
31/03/17,7.33976
1/04/17,7.33976
2/04/17,7.33976
3/04/17,7.33747
4/04/17,7.33918
5/04/17,7.33871
6/04/17,7.33955
7/04/17,7.33803
8/04/17,7.33803
9/04/17,7.33803
10/04/17,7.33827
11/04/17,7.33618
12/04/17,7.33862
13/04/17,7.33862
14/04/17,7.33862
15/04/17,7.33862
16/04/17,7.33862
17/04/17,7.33426
18/04/17,7.33466
19/04/17,7.33283
20/04/17,7.33033
21/04/17,7.33366
22/04/17,7.33366
23/04/17,7.33366
24/04/17,7.33548
25/04/17,7.3394
26/04/17,7.34179
27/04/17,7.34177
28/04/17,7.33885
29/04/17,7.33885
30/04/17,7.33885
1/05/17,7.33885
2/05/17,7.339
3/05/17,7.34071
4/05/17,7.34121
5/05/17,7.3387
6/05/17,7.3387
7/05/17,7.3387
8/05/17,7.33502
9/05/17,7.336
10/05/17,7.3377
11/05/17,7.33339
12/05/17,7.33293
13/05/17,7.33293
14/05/17,7.33293
15/05/17,7.33294
16/05/17,7.33422
17/05/17,7.33551
18/05/17,7.33178
19/05/17,7.33552
20/05/17,7.33552
21/05/17,7.33552
22/05/17,7.3327
23/05/17,7.33503
24/05/17,7.33835
25/05/17,7.34186
26/05/17,7.34816
27/05/17,7.34816
28/05/17,7.34816
29/05/17,7.35153
30/05/17,7.34879
31/05/17,7.35264
1/06/17,7.35717
2/06/17,7.35864
3/06/17,7.35864
4/06/17,7.35864
5/06/17,7.35571
6/06/17,7.35089
7/06/17,7.34727
8/06/17,7.34751
9/06/17,7.34733
10/06/17,7.34733
11/06/17,7.34733
12/06/17,7.34406
13/06/17,7.34202
14/06/17,7.34327
15/06/17,7.33945
16/06/17,7.34268
17/06/17,7.34268
18/06/17,7.34268
19/06/17,7.3418
20/06/17,7.33821
21/06/17,7.33825
22/06/17,7.33689
23/06/17,7.33708
24/06/17,7.33708
25/06/17,7.33708
26/06/17,7.33406
27/06/17,7.33442
28/06/17,7.336
29/06/17,7.33516
30/06/17,7.33516
1/07/17,7.33516
2/07/17,7.33516
3/07/17,7.33516
4/07/17,7.33123
5/07/17,7.33135
6/07/17,7.33214
7/07/17,7.32816
8/07/17,7.32816
9/07/17,7.32816
10/07/17,7.32629
11/07/17,7.31921
12/07/17,7.31622
13/07/17,7.30393
14/07/17,7.29483
15/07/17,7.29483
16/07/17,7.29483
17/07/17,7.28746
18/07/17,7.28906
19/07/17,7.29304
20/07/17,7.29395
21/07/17,7.29349
22/07/17,7.29349
23/07/17,7.29349
24/07/17,7.29298
25/07/17,7.29003
26/07/17,7.29198
27/07/17,7.29042
28/07/17,7.28981
29/07/17,7.28981
30/07/17,7.28981
31/07/17,7.28235
1/08/17,7.27849
2/08/17,7.27341
3/08/17,7.27076
4/08/17,7.27372
5/08/17,7.27372
6/08/17,7.27372
7/08/17,7.27189
8/08/17,7.27228
9/08/17,7.27383
10/08/17,7.27541
11/08/17,7.27345
12/08/17,7.27345
13/08/17,7.27345
14/08/17,7.2697
15/08/17,7.2697
16/08/17,7.26986
17/08/17,7.27004
18/08/17,7.27317
19/08/17,7.27317
20/08/17,7.27317
21/08/17,7.26935
22/08/17,7.27247
23/08/17,7.27799
24/08/17,7.27505
25/08/17,7.27758
26/08/17,7.27758
27/08/17,7.27758
28/08/17,7.2824
29/08/17,7.28583
30/08/17,7.28789
31/08/17,7.29086
1/09/17,7.2964
2/09/17,7.2964
3/09/17,7.2964
4/09/17,7.29176
5/09/17,7.29697
6/09/17,7.29204
7/09/17,7.2923
8/09/17,7.29239
9/09/17,7.29239
10/09/17,7.29239
11/09/17,7.29129
12/09/17,7.292
13/09/17,7.29201
14/09/17,7.29227
15/09/17,7.29227
16/09/17,7.29227
17/09/17,7.29227
18/09/17,7.29292
19/09/17,7.29348
20/09/17,7.29387
21/09/17,7.29464
22/09/17,7.30357
23/09/17,7.30357
24/09/17,7.30357
25/09/17,7.31431
26/09/17,7.32164
27/09/17,7.32884
28/09/17,7.33372
29/09/17,7.34427
30/09/17,7.34427
1/10/17,7.34427
2/10/17,7.34988
3/10/17,7.34364
4/10/17,7.34327
5/10/17,7.34192
6/10/17,7.34378
7/10/17,7.34378
8/10/17,7.34378
9/10/17,7.34027
10/10/17,7.34417
11/10/17,7.34409
12/10/17,7.34409
13/10/17,7.34127
14/10/17,7.34127
15/10/17,7.34127
16/10/17,7.34129
17/10/17,7.34078
18/10/17,7.34422
19/10/17,7.34321
20/10/17,7.34321
21/10/17,7.34321
22/10/17,7.34321
23/10/17,7.34261
24/10/17,7.34331
25/10/17,7.34586
26/10/17,7.34622
27/10/17,7.34592
28/10/17,7.34592
29/10/17,7.34592
30/10/17,7.34387
31/10/17,7.34271
1/11/17,7.34271
2/11/17,7.34245
3/11/17,7.34134
4/11/17,7.34134
5/11/17,7.34134
6/11/17,7.33708
7/11/17,7.33413
8/11/17,7.33237
9/11/17,7.3305
10/11/17,7.32413
11/11/17,7.32413
12/11/17,7.32413
13/11/17,7.32102
14/11/17,7.32061
15/11/17,7.32337
16/11/17,7.32168
17/11/17,7.32897
18/11/17,7.32897
19/11/17,7.32897
20/11/17,7.32501
21/11/17,7.33049
22/11/17,7.33504
23/11/17,7.33309
24/11/17,7.33525
25/11/17,7.33525
26/11/17,7.33525
27/11/17,7.33841
28/11/17,7.34004
29/11/17,7.34178
30/11/17,7.34136
1/12/17,7.33996
2/12/17,7.33996
3/12/17,7.33996
4/12/17,7.33963
5/12/17,7.34028
6/12/17,7.34053
7/12/17,7.3373
8/12/17,7.33879
9/12/17,7.33879
10/12/17,7.33879
11/12/17,7.33766
12/12/17,7.33865
13/12/17,7.34074
14/12/17,7.33676
15/12/17,7.3395
16/12/17,7.3395
17/12/17,7.3395
18/12/17,7.33862
19/12/17,7.33874
20/12/17,7.34152
21/12/17,7.34168
22/12/17,7.34253
23/12/17,7.34253
24/12/17,7.34253
25/12/17,7.34253
26/12/17,7.3443
27/12/17,7.34413
28/12/17,7.34477
29/12/17,7.34477
30/12/17,7.34477
31/12/17,7.34477
1/01/18,7.34477
2/01/18,7.34746
3/01/18,7.34126
4/01/18,7.34148
5/01/18,7.34406
6/01/18,7.34406
7/01/18,7.34406
8/01/18,7.34077
9/01/18,7.33935
10/01/18,7.34239
11/01/18,7.34201
12/01/18,7.33984
13/01/18,7.33984
14/01/18,7.33984
15/01/18,7.33846
16/01/18,7.33785
17/01/18,7.33931
18/01/18,7.34071
19/01/18,7.34111
20/01/18,7.34111
21/01/18,7.34111
22/01/18,7.34189
23/01/18,7.34445
24/01/18,7.34736
25/01/18,7.34868
26/01/18,7.3486
27/01/18,7.3486
28/01/18,7.3486
29/01/18,7.34651
30/01/18,7.34993
31/01/18,7.35246
1/02/18,7.34864
2/02/18,7.34737
3/02/18,7.34737
4/02/18,7.34737
5/02/18,7.35044
6/02/18,7.35203
7/02/18,7.35273
8/02/18,7.35714
9/02/18,7.35779
10/02/18,7.35779
11/02/18,7.35779
12/02/18,7.3564
13/02/18,7.35883
14/02/18,7.35963
15/02/18,7.35764
16/02/18,7.35801
17/02/18,7.35801
18/02/18,7.35801
19/02/18,7.36064
20/02/18,7.36612
21/02/18,7.36476
22/02/18,7.36952
23/02/18,7.36797
24/02/18,7.36797
25/02/18,7.36797
26/02/18,7.37023
27/02/18,7.37298
28/02/18,7.37757
1/03/18,7.37651
2/03/18,7.37825
3/03/18,7.37825
4/03/18,7.37825
5/03/18,7.37723
6/03/18,7.37867
7/03/18,7.38002
8/03/18,7.38534
9/03/18,7.38842
10/03/18,7.38842
11/03/18,7.38842
12/03/18,7.3949
13/03/18,7.39983
14/03/18,7.40006
15/03/18,7.39907
16/03/18,7.40066
17/03/18,7.40066
18/03/18,7.40066
19/03/18,7.40006
20/03/18,7.40099
21/03/18,7.39972
22/03/18,7.39989
23/03/18,7.39761
24/03/18,7.39761
25/03/18,7.39761
26/03/18,7.3987
27/03/18,7.39778
28/03/18,7.39919
29/03/18,7.39919
30/03/18,7.39919
31/03/18,7.39919
1/04/18,7.39919
2/04/18,7.40398
3/04/18,7.40192
4/04/18,7.40348
5/04/18,7.40319
6/04/18,7.40095
7/04/18,7.40095
8/04/18,7.40095
9/04/18,7.39911
10/04/18,7.40214
11/04/18,7.40181
12/04/18,7.40113
13/04/18,7.39977
14/04/18,7.39977
15/04/18,7.39977
16/04/18,7.40189
17/04/18,7.40082
18/04/18,7.40499
19/04/18,7.40171
20/04/18,7.40069
21/04/18,7.40069
22/04/18,7.40069
23/04/18,7.4012
24/04/18,7.4024
25/04/18,7.40478
26/04/18,7.40187
27/04/18,7.4087
28/04/18,7.4087
29/04/18,7.4087
30/04/18,7.41205
1/05/18,7.41205
2/05/18,7.41487
3/05/18,7.41326
4/05/18,7.41529
5/05/18,7.41529
6/05/18,7.41529
7/05/18,7.416
8/05/18,7.41825
9/05/18,7.42103
10/05/18,7.42502
11/05/18,7.42315
12/05/18,7.42315
13/05/18,7.42315
14/05/18,7.42458
15/05/18,7.42243
16/05/18,7.42884
17/05/18,7.43436
18/05/18,7.44352
19/05/18,7.44352
20/05/18,7.44352
21/05/18,7.4454
22/05/18,7.45413
23/05/18,7.46214
24/05/18,7.46608
25/05/18,7.47266
26/05/18,7.47266
27/05/18,7.47266
28/05/18,7.47524
29/05/18,7.483
30/05/18,7.48295
31/05/18,7.48595
1/06/18,7.48448
2/06/18,7.48448
3/06/18,7.48448
4/06/18,7.48293
5/06/18,7.48251
6/06/18,7.47964
7/06/18,7.48219
8/06/18,7.4824
9/06/18,7.4824
10/06/18,7.4824
11/06/18,7.47961
12/06/18,7.48109
13/06/18,7.48376
14/06/18,7.48332
15/06/18,7.48058
16/06/18,7.48058
17/06/18,7.48058
18/06/18,7.48248
19/06/18,7.48296
20/06/18,7.48315
21/06/18,7.48813
22/06/18,7.48996
23/06/18,7.48996
24/06/18,7.48996
25/06/18,7.48919
26/06/18,7.49123
27/06/18,7.49386
28/06/18,7.49326
29/06/18,7.49326
30/06/18,7.49326
1/07/18,7.49326
2/07/18,7.49326
3/07/18,7.49349
4/07/18,7.49124
5/07/18,7.49133
6/07/18,7.48784
7/07/18,7.48784
8/07/18,7.48784
9/07/18,7.48759
10/07/18,7.48713
11/07/18,7.48647
12/07/18,7.4855
13/07/18,7.48203
14/07/18,7.48203
15/07/18,7.48203
16/07/18,7.48122
17/07/18,7.47831
18/07/18,7.48046
19/07/18,7.47875
20/07/18,7.47764
21/07/18,7.47764
22/07/18,7.47764
23/07/18,7.47632
24/07/18,7.47813
25/07/18,7.48146
26/07/18,7.49312
27/07/18,7.48577
28/07/18,7.48577
29/07/18,7.48577
30/07/18,7.48415
31/07/18,7.48477
1/08/18,7.48405
2/08/18,7.4884
3/08/18,7.48659
4/08/18,7.48659
5/08/18,7.48659
6/08/18,7.48536
7/08/18,7.48269
8/08/18,7.48487
9/08/18,7.48541
10/08/18,7.48332
11/08/18,7.48332
12/08/18,7.48332
13/08/18,7.48156
14/08/18,7.48051
15/08/18,7.48051
16/08/18,7.48209
17/08/18,7.48205
18/08/18,7.48205
19/08/18,7.48205
20/08/18,7.48911
21/08/18,7.49348
22/08/18,7.50591
23/08/18,7.52114
24/08/18,7.52649
25/08/18,7.52649
26/08/18,7.52649
27/08/18,7.5341
28/08/18,7.54193
29/08/18,7.54823
30/08/18,7.55456
31/08/18,7.56254
1/09/18,7.56254
2/09/18,7.56254
3/09/18,7.5715
4/09/18,7.58791
5/09/18,7.58912
6/09/18,7.60397
7/09/18,7.62148
8/09/18,7.62148
9/09/18,7.62148
10/09/18,7.6373
11/09/18,7.64822
12/09/18,7.65366
13/09/18,7.65455
14/09/18,7.65455
15/09/18,7.65455
16/09/18,7.65455
17/09/18,7.65951
18/09/18,7.66453
19/09/18,7.67223
20/09/18,7.6885
21/09/18,7.70422
22/09/18,7.70422
23/09/18,7.70422
24/09/18,7.70983
25/09/18,7.70951
26/09/18,7.70445
27/09/18,7.70374
28/09/18,7.70206
29/09/18,7.70206
30/09/18,7.70206
1/10/18,7.69836
2/10/18,7.69961
3/10/18,7.70059
4/10/18,7.69991
5/10/18,7.69883
6/10/18,7.69883
7/10/18,7.69883
8/10/18,7.70017
9/10/18,7.7064
10/10/18,7.70767
11/10/18,7.71494
12/10/18,7.71494
13/10/18,7.71494
14/10/18,7.71494
15/10/18,7.72351
16/10/18,7.72678
17/10/18,7.73596
18/10/18,7.73678
19/10/18,7.74183
20/10/18,7.74183
21/10/18,7.74183
22/10/18,7.74183
23/10/18,7.7462
24/10/18,7.7475
25/10/18,7.74961
26/10/18,7.74534
27/10/18,7.74534
28/10/18,7.74534
29/10/18,7.74307
30/10/18,7.7374
31/10/18,7.7334
1/11/18,7.7334
2/11/18,7.72162
3/11/18,7.72162
4/11/18,7.72162
5/11/18,7.71656
6/11/18,7.70913
7/11/18,7.70459
8/11/18,7.69478
9/11/18,7.69015
10/11/18,7.69015
11/11/18,7.69015
12/11/18,7.6957
13/11/18,7.6986
14/11/18,7.69484
15/11/18,7.69549
16/11/18,7.69649
17/11/18,7.69649
18/11/18,7.69649
19/11/18,7.69738
20/11/18,7.69598
21/11/18,7.6943
22/11/18,7.69551
23/11/18,7.69401
24/11/18,7.69401
25/11/18,7.69401
26/11/18,7.69313
27/11/18,7.70028
28/11/18,7.69664
29/11/18,7.6967
30/11/18,7.70115
1/12/18,7.70115
2/12/18,7.70115
3/12/18,7.70414
4/12/18,7.70996
5/12/18,7.71954
6/12/18,7.72058
7/12/18,7.72843
8/12/18,7.72843
9/12/18,7.72843
10/12/18,7.72773
11/12/18,7.73026
12/12/18,7.73056
13/12/18,7.73038
14/12/18,7.72977
15/12/18,7.72977
16/12/18,7.72977
17/12/18,7.7386
18/12/18,7.7463
19/12/18,7.74502
20/12/18,7.74145
21/12/18,7.73892
22/12/18,7.73892
23/12/18,7.73892
24/12/18,7.73552
25/12/18,7.73552
26/12/18,7.73582
27/12/18,7.73718
28/12/18,7.73695
29/12/18,7.73695
30/12/18,7.73695
31/12/18,7.73695
1/01/19,7.73695
2/01/19,7.73248
3/01/19,7.7302
4/01/19,7.72824
5/01/19,7.72824
6/01/19,7.72824
7/01/19,7.72825
8/01/19,7.7267
9/01/19,7.72707
10/01/19,7.72621
11/01/19,7.72582
12/01/19,7.72582
13/01/19,7.72582
14/01/19,7.72847
15/01/19,7.72379
16/01/19,7.72622
17/01/19,7.72311
18/01/19,7.72226
19/01/19,7.72226
20/01/19,7.72226
21/01/19,7.72376
22/01/19,7.72366
23/01/19,7.72459
24/01/19,7.72765
25/01/19,7.72917
26/01/19,7.72917
27/01/19,7.72917
28/01/19,7.73199
29/01/19,7.73738
30/01/19,7.74444
31/01/19,7.76425
1/02/19,7.76239
2/02/19,7.76239
3/02/19,7.76239
4/02/19,7.7626
5/02/19,7.75934
6/02/19,7.75849
7/02/19,7.75362
8/02/19,7.75143
9/02/19,7.75143
10/02/19,7.75143
11/02/19,7.74481
12/02/19,7.74786
13/02/19,7.74271
14/02/19,7.74017
15/02/19,7.73771
16/02/19,7.73771
17/02/19,7.73771
18/02/19,7.72983
19/02/19,7.72228
20/02/19,7.72134
21/02/19,7.72108
22/02/19,7.71924
23/02/19,7.71924
24/02/19,7.71924
25/02/19,7.71361
26/02/19,7.71091
27/02/19,7.71045
28/02/19,7.70778
1/03/19,7.70445
2/03/19,7.70445
3/03/19,7.70445
4/03/19,7.70537
5/03/19,7.70243
6/03/19,7.6994
7/03/19,7.69823
8/03/19,7.69653
9/03/19,7.69653
10/03/19,7.69653
11/03/19,7.69333
12/03/19,7.69438
13/03/19,7.69433
14/03/19,7.68603
15/03/19,7.69214
16/03/19,7.69214
17/03/19,7.69214
18/03/19,7.69154
19/03/19,7.69039
20/03/19,7.68898
21/03/19,7.68497
22/03/19,7.68067
23/03/19,7.68067
24/03/19,7.68067
25/03/19,7.67577
26/03/19,7.67909
27/03/19,7.6769
28/03/19,7.6792
29/03/19,7.68104
30/03/19,7.68104
31/03/19,7.68104
1/04/19,7.68031
2/04/19,7.67452
3/04/19,7.67399
4/04/19,7.66934
5/04/19,7.66855
6/04/19,7.66855
7/04/19,7.66855
8/04/19,7.65806
9/04/19,7.64809
10/04/19,7.64366
11/04/19,7.63603
12/04/19,7.63445
13/04/19,7.63445
14/04/19,7.63445
15/04/19,7.63429
16/04/19,7.63108
17/04/19,7.62817
18/04/19,7.62817
19/04/19,7.62817
20/04/19,7.62817
21/04/19,7.62817
22/04/19,7.62409
23/04/19,7.62187
24/04/19,7.62239
25/04/19,7.63297
26/04/19,7.64411
27/04/19,7.64411
28/04/19,7.64411
29/04/19,7.64411
30/04/19,7.65219
1/05/19,7.65228
2/05/19,7.65683
3/05/19,7.65718
4/05/19,7.65718
5/05/19,7.65718
6/05/19,7.65604
7/05/19,7.65644
8/05/19,7.65613
9/05/19,7.65443
10/05/19,7.65614
11/05/19,7.65614
12/05/19,7.65614
13/05/19,7.65274
14/05/19,7.65357
15/05/19,7.6537
16/05/19,7.65714
17/05/19,7.66162
18/05/19,7.66162
19/05/19,7.66162
20/05/19,7.65827
21/05/19,7.66192
22/05/19,7.66578
23/05/19,7.6683
24/05/19,7.68075
25/05/19,7.68075
26/05/19,7.68075
27/05/19,7.68826
28/05/19,7.70055
29/05/19,7.70191
30/05/19,7.71248
31/05/19,7.7227
1/06/19,7.7227
2/06/19,7.7227
3/06/19,7.71675
4/06/19,7.71465
5/06/19,7.71156
6/06/19,7.7095
7/06/19,7.70576
8/06/19,7.70576
9/06/19,7.70576
10/06/19,7.70183
11/06/19,7.69664
12/06/19,7.69365
13/06/19,7.69442
14/06/19,7.69462
15/06/19,7.69462
16/06/19,7.69462
17/06/19,7.69217
18/06/19,7.69626
19/06/19,7.70029
20/06/19,7.70266
21/06/19,7.70228
22/06/19,7.70228
23/06/19,7.70228
24/06/19,7.70543
25/06/19,7.70907
26/06/19,7.71227
27/06/19,7.71455
28/06/19,7.70823
29/06/19,7.70823
30/06/19,7.70823
1/07/19,7.70823
2/07/19,7.70823
3/07/19,7.70168
4/07/19,7.69571
5/07/19,7.69476
6/07/19,7.69476
7/07/19,7.69476
8/07/19,7.68757
9/07/19,7.68019
10/07/19,7.67423
11/07/19,7.67558
12/07/19,7.6785
13/07/19,7.6785
14/07/19,7.6785
15/07/19,7.6709
16/07/19,7.66706
17/07/19,7.66775
18/07/19,7.66198
19/07/19,7.65753
20/07/19,7.65753
21/07/19,7.65753
22/07/19,7.65107
23/07/19,7.64833
24/07/19,7.65113
25/07/19,7.66257
26/07/19,7.66851
27/07/19,7.66851
28/07/19,7.66851
29/07/19,7.6795
30/07/19,7.68197
31/07/19,7.68161
1/08/19,7.67597
2/08/19,7.67201
3/08/19,7.67201
4/08/19,7.67201
5/08/19,7.6647
6/08/19,7.66258
7/08/19,7.6626
8/08/19,7.66488
9/08/19,7.66499
10/08/19,7.66499
11/08/19,7.66499
12/08/19,7.66867
13/08/19,7.67125
14/08/19,7.67325
15/08/19,7.67325
16/08/19,7.67226
17/08/19,7.67226
18/08/19,7.67226
19/08/19,7.67135
20/08/19,7.67255
21/08/19,7.67146
22/08/19,7.67178
23/08/19,7.67193
24/08/19,7.67193
25/08/19,7.67193
26/08/19,7.66866
27/08/19,7.66837
28/08/19,7.67421
29/08/19,7.67454
30/08/19,7.68091
31/08/19,7.68091
1/09/19,7.68091
2/09/19,7.68019
3/09/19,7.68046
4/09/19,7.68107
5/09/19,7.68209
6/09/19,7.68584
7/09/19,7.68584
8/09/19,7.68584
9/09/19,7.6998
10/09/19,7.70358
11/09/19,7.70908
12/09/19,7.70894
13/09/19,7.70732
14/09/19,7.70732
15/09/19,7.70732
16/09/19,7.70732
17/09/19,7.70325
18/09/19,7.70283
19/09/19,7.70525
20/09/19,7.71186
21/09/19,7.71186
22/09/19,7.71186
23/09/19,7.71494
24/09/19,7.72059
25/09/19,7.72266
26/09/19,7.72934
27/09/19,7.7317
28/09/19,7.7317
29/09/19,7.7317
30/09/19,7.73551
1/10/19,7.73978
2/10/19,7.75378
3/10/19,7.75781
4/10/19,7.77061
5/10/19,7.77061
6/10/19,7.77061
7/10/19,7.77457
8/10/19,7.77628
9/10/19,7.7789
10/10/19,7.77815
11/10/19,7.77815
12/10/19,7.77815
13/10/19,7.77815
14/10/19,7.77186
15/10/19,7.77059
16/10/19,7.77368
17/10/19,7.77316
18/10/19,7.77074
19/10/19,7.77074
20/10/19,7.77074
21/10/19,7.77074
22/10/19,7.7669
23/10/19,7.76558
24/10/19,7.76327
25/10/19,7.75533
26/10/19,7.75533
27/10/19,7.75533
28/10/19,7.74661
29/10/19,7.73503
30/10/19,7.72046
31/10/19,7.71001
1/11/19,7.71001
2/11/19,7.71001
3/11/19,7.71001
4/11/19,7.70849
5/11/19,7.69841
6/11/19,7.69492
7/11/19,7.69473
8/11/19,7.69679
9/11/19,7.69679
10/11/19,7.69679
11/11/19,7.70291
12/11/19,7.71584
13/11/19,7.70927
14/11/19,7.71191
15/11/19,7.70808
16/11/19,7.70808
17/11/19,7.70808
18/11/19,7.70387
19/11/19,7.7035
20/11/19,7.70272
21/11/19,7.70112
22/11/19,7.70744
23/11/19,7.70744
24/11/19,7.70744
25/11/19,7.70396
26/11/19,7.7034
27/11/19,7.70171
28/11/19,7.70196
29/11/19,7.70254
30/11/19,7.70254
1/12/19,7.70254
2/12/19,7.69993
3/12/19,7.69237
4/12/19,7.68731
5/12/19,7.68281
6/12/19,7.6796
7/12/19,7.6796
8/12/19,7.6796
9/12/19,7.67369
10/12/19,7.66967
11/12/19,7.66848
12/12/19,7.6713
13/12/19,7.67979
14/12/19,7.67979
15/12/19,7.67979
16/12/19,7.68029
17/12/19,7.68477
18/12/19,7.68321
19/12/19,7.68863
20/12/19,7.6945
21/12/19,7.6945
22/12/19,7.6945
23/12/19,7.70124
24/12/19,7.703
25/12/19,7.703
26/12/19,7.69934
27/12/19,7.69862
28/12/19,7.69862
29/12/19,7.69862
30/12/19,7.69884
31/12/19,7.69884
1/01/20,7.69884
2/01/20,7.6991
3/01/20,7.70711
4/01/20,7.70711
5/01/20,7.70711
6/01/20,7.70715
7/01/20,7.70704
8/01/20,7.71017
9/01/20,7.71434
10/01/20,7.71362
11/01/20,7.71362
12/01/20,7.71362
13/01/20,7.71043
14/01/20,7.70629
15/01/20,7.70183
16/01/20,7.69695
17/01/20,7.69441
18/01/20,7.69441
19/01/20,7.69441
20/01/20,7.69116
21/01/20,7.69061
22/01/20,7.68817
23/01/20,7.68667
24/01/20,7.68362
25/01/20,7.68362
26/01/20,7.68362
27/01/20,7.67562
28/01/20,7.6779
29/01/20,7.67272
30/01/20,7.6686
31/01/20,7.66401
1/02/20,7.66401
2/02/20,7.66401
3/02/20,7.65827
4/02/20,7.65224
5/02/20,7.64549
6/02/20,7.64626
7/02/20,7.64851
8/02/20,7.64851
9/02/20,7.64851
10/02/20,7.64658
11/02/20,7.64377
12/02/20,7.6412
13/02/20,7.63811
14/02/20,7.63636
15/02/20,7.63636
16/02/20,7.63636
17/02/20,7.63395
18/02/20,7.6391
19/02/20,7.63883
20/02/20,7.64218
21/02/20,7.64393
22/02/20,7.64393
23/02/20,7.64393
24/02/20,7.64319
25/02/20,7.64616
26/02/20,7.65202
27/02/20,7.66928
28/02/20,7.67884
29/02/20,7.67884
1/03/20,7.67884
2/03/20,7.68058
3/03/20,7.67454
4/03/20,7.67279
5/03/20,7.67581
6/03/20,7.67024
7/03/20,7.67024
8/03/20,7.67024
9/03/20,7.67278
10/03/20,7.66555
11/03/20,7.66021
12/03/20,7.65385
13/03/20,7.6504
14/03/20,7.6504
15/03/20,7.6504
16/03/20,7.64678
17/03/20,7.64355
18/03/20,7.64076
19/03/20,7.63643
20/03/20,7.64301
21/03/20,7.64301
22/03/20,7.64301
23/03/20,7.67474
24/03/20,7.75213
25/03/20,7.92793
26/03/20,7.79488
27/03/20,7.74591
28/03/20,7.74591
29/03/20,7.74591
30/03/20,7.71441
31/03/20,7.68467
1/04/20,7.69774
2/04/20,7.70159
3/04/20,7.69881
4/04/20,7.69881
5/04/20,7.69881
6/04/20,7.71629
7/04/20,7.70779
8/04/20,7.70585
9/04/20,7.70585
10/04/20,7.70585
11/04/20,7.70585
12/04/20,7.70585
13/04/20,7.70659
14/04/20,7.70637
15/04/20,7.70748
16/04/20,7.70856
17/04/20,7.71031
18/04/20,7.71031
19/04/20,7.71031
20/04/20,7.70707
21/04/20,7.71047
22/04/20,7.71099
23/04/20,7.70876
24/04/20,7.7121
25/04/20,7.7121
26/04/20,7.7121
27/04/20,7.70435
28/04/20,7.70677
29/04/20,7.71402
30/04/20,7.71244
1/05/20,7.71244
2/05/20,7.71244
3/05/20,7.71244
4/05/20,7.70989
5/05/20,7.70694
6/05/20,7.70552
7/05/20,7.70412
8/05/20,7.70319
9/05/20,7.70319
10/05/20,7.70319
11/05/20,7.70279
12/05/20,7.69601
13/05/20,7.69791
14/05/20,7.6971
15/05/20,7.69932
16/05/20,7.69932
17/05/20,7.69932
18/05/20,7.69932
19/05/20,7.69441
20/05/20,7.69551
21/05/20,7.69287
22/05/20,7.69203
23/05/20,7.69203
24/05/20,7.69203
25/05/20,7.69347
26/05/20,7.6891
27/05/20,7.69216
28/05/20,7.69153
29/05/20,7.68949
30/05/20,7.68949
31/05/20,7.68949
1/06/20,7.68962
2/06/20,7.68596
3/06/20,7.68571
4/06/20,7.6835
5/06/20,7.68541
6/06/20,7.68541
7/06/20,7.68541
8/06/20,7.68829
9/06/20,7.68923
10/06/20,7.69288
11/06/20,7.69563
12/06/20,7.70041
13/06/20,7.70041
14/06/20,7.70041
15/06/20,7.70262
16/06/20,7.70792
17/06/20,7.70464
18/06/20,7.70646
19/06/20,7.70867
20/06/20,7.70867
21/06/20,7.70867
22/06/20,7.70359
23/06/20,7.69889
24/06/20,7.7028
25/06/20,7.70028
26/06/20,7.70026
27/06/20,7.70026
28/06/20,7.70026
29/06/20,7.70026
30/06/20,7.70026
1/07/20,7.70421
2/07/20,7.69911
3/07/20,7.70365
4/07/20,7.70365
5/07/20,7.70365
6/07/20,7.70416
7/07/20,7.70401
8/07/20,7.69939
9/07/20,7.69551
10/07/20,7.69771
11/07/20,7.69771
12/07/20,7.69771
13/07/20,7.69296
14/07/20,7.69193
15/07/20,7.69168
16/07/20,7.69051
17/07/20,7.68992
18/07/20,7.68992
19/07/20,7.68992
20/07/20,7.69145
21/07/20,7.68885
22/07/20,7.69176
23/07/20,7.69095
24/07/20,7.68863
25/07/20,7.68863
26/07/20,7.68863
27/07/20,7.69427
28/07/20,7.69563
29/07/20,7.6988
30/07/20,7.70133
31/07/20,7.70871
1/08/20,7.70871
2/08/20,7.70871
3/08/20,7.70888
4/08/20,7.70698
5/08/20,7.70555
6/08/20,7.70086
7/08/20,7.7007
8/08/20,7.7007
9/08/20,7.7007
10/08/20,7.70025
11/08/20,7.69972
12/08/20,7.70296
13/08/20,7.70105
14/08/20,7.70105
15/08/20,7.70105
16/08/20,7.70105
17/08/20,7.70024
18/08/20,7.69648
19/08/20,7.69894
20/08/20,7.69998
21/08/20,7.70132
22/08/20,7.70132
23/08/20,7.70132
24/08/20,7.69595
25/08/20,7.69823
26/08/20,7.70262
27/08/20,7.71029
28/08/20,7.72508
29/08/20,7.72508
30/08/20,7.72508
31/08/20,7.72991
1/09/20,7.72961
2/09/20,7.72672
3/09/20,7.72938
4/09/20,7.7349
5/09/20,7.7349
6/09/20,7.7349
7/09/20,7.73182
8/09/20,7.73932
9/09/20,7.74131
10/09/20,7.75328
11/09/20,7.75858
12/09/20,7.75858
13/09/20,7.75858
14/09/20,7.75927
15/09/20,7.75927
16/09/20,7.75303
17/09/20,7.7565
18/09/20,7.75687
19/09/20,7.75687
20/09/20,7.75687
21/09/20,7.7661
22/09/20,7.75888
23/09/20,7.76677
24/09/20,7.7863
25/09/20,7.78459
26/09/20,7.78459
27/09/20,7.78459
28/09/20,7.7823
29/09/20,7.78543
30/09/20,7.78602
1/10/20,7.78375
2/10/20,7.78222
3/10/20,7.78222
4/10/20,7.78222
5/10/20,7.77718
6/10/20,7.77848
7/10/20,7.77686
8/10/20,7.77703
9/10/20,7.77514
10/10/20,7.77514
11/10/20,7.77514
12/10/20,7.77514
13/10/20,7.78165
14/10/20,7.77696
15/10/20,7.7795
16/10/20,7.78231
17/10/20,7.78231
18/10/20,7.78231
19/10/20,7.78355
20/10/20,7.78355
21/10/20,7.7779
22/10/20,7.78046
23/10/20,7.78035
24/10/20,7.78035
25/10/20,7.78035
26/10/20,7.77983
27/10/20,7.78042
28/10/20,7.78619
29/10/20,7.79165
30/10/20,7.79595
31/10/20,7.79595
1/11/20,7.79595
2/11/20,7.79595
3/11/20,7.78858
4/11/20,7.78602
5/11/20,7.78318
6/11/20,7.78214
7/11/20,7.78214
8/11/20,7.78214
9/11/20,7.77957
10/11/20,7.77537
11/11/20,7.77567
12/11/20,7.78309
13/11/20,7.77684
14/11/20,7.77684
15/11/20,7.77684
16/11/20,7.77727
17/11/20,7.77956
18/11/20,7.78
19/11/20,7.77842
20/11/20,7.78348
21/11/20,7.78348
22/11/20,7.78348
23/11/20,7.78586
24/11/20,7.79212
25/11/20,7.80053
26/11/20,7.8082
27/11/20,7.81985
28/11/20,7.81985
29/11/20,7.81985
30/11/20,7.81405
1/12/20,7.81148
2/12/20,7.81321
3/12/20,7.81773
4/12/20,7.81681
5/12/20,7.81681
6/12/20,7.81681
7/12/20,7.81099
8/12/20,7.81035
9/12/20,7.80736
10/12/20,7.80327
11/12/20,7.80537
12/12/20,7.80537
13/12/20,7.80537
14/12/20,7.80233
15/12/20,7.79678
16/12/20,7.79621
17/12/20,7.79413
18/12/20,7.79461
19/12/20,7.79461
20/12/20,7.79461
21/12/20,7.79455
22/12/20,7.7934
23/12/20,7.79496
24/12/20,7.79241
25/12/20,7.79241
26/12/20,7.79241
27/12/20,7.79241
28/12/20,7.79005
29/12/20,7.79333
30/12/20,7.79382
31/12/20,7.79382
1/01/21,7.79382
2/01/21,7.79382
3/01/21,7.79382
4/01/21,7.79417
5/01/21,7.79369
6/01/21,7.79735
7/01/21,7.79493
8/01/21,7.80089
9/01/21,7.80089
10/01/21,7.80089
11/01/21,7.79581
12/01/21,7.7962
13/01/21,7.79686
14/01/21,7.79124
15/01/21,7.78903
16/01/21,7.78903
17/01/21,7.78903
18/01/21,7.7856
19/01/21,7.79345
20/01/21,7.78725
21/01/21,7.78209
22/01/21,7.78162
23/01/21,7.78162
24/01/21,7.78162
25/01/21,7.78124
26/01/21,7.77958
27/01/21,7.78483
28/01/21,7.78262
29/01/21,7.78638
30/01/21,7.78638
31/01/21,7.78638
1/02/21,7.78003
2/02/21,7.77836
3/02/21,7.77857
4/02/21,7.77652
5/02/21,7.76627
6/02/21,7.76627
7/02/21,7.76627
8/02/21,7.76611
9/02/21,7.76291
10/02/21,7.75873
11/02/21,7.75519
12/02/21,7.75002
13/02/21,7.75002
14/02/21,7.75002
15/02/21,7.74667
16/02/21,7.7464
17/02/21,7.74185
18/02/21,7.73698
19/02/21,7.73197
20/02/21,7.73197
21/02/21,7.73197
22/02/21,7.71868
23/02/21,7.72021
24/02/21,7.71568
25/02/21,7.7148
26/02/21,7.70922
27/02/21,7.70922
28/02/21,7.70922
1/03/21,7.70606
2/03/21,7.70271
3/03/21,7.70784
4/03/21,7.71007
5/03/21,7.71553
6/03/21,7.71553
7/03/21,7.71553
8/03/21,7.71276
9/03/21,7.71698
10/03/21,7.73021
11/03/21,7.72378
12/03/21,7.73057
13/03/21,7.73057
14/03/21,7.73057
15/03/21,7.72429
16/03/21,7.72084
17/03/21,7.72462
18/03/21,7.72059
19/03/21,7.72156
20/03/21,7.72156
21/03/21,7.72156
22/03/21,7.72274
23/03/21,7.72002
24/03/21,7.72758
25/03/21,7.72719
26/03/21,7.72379
27/03/21,7.72379
28/03/21,7.72379
29/03/21,7.72267
30/03/21,7.7199
31/03/21,7.71498
1/04/21,7.71498
2/04/21,7.71498
3/04/21,7.71498
4/04/21,7.71498
5/04/21,7.7179
6/04/21,7.72277
7/04/21,7.71815
8/04/21,7.71725
9/04/21,7.72209
10/04/21,7.72209
11/04/21,7.72209
12/04/21,7.71748
13/04/21,7.71454
14/04/21,7.71791
15/04/21,7.71877
16/04/21,7.71832
17/04/21,7.71832
18/04/21,7.71832
19/04/21,7.71216
20/04/21,7.71103
21/04/21,7.71206
22/04/21,7.71432
23/04/21,7.71463
24/04/21,7.71463
25/04/21,7.71463
26/04/21,7.71238
27/04/21,7.71167
28/04/21,7.71934
29/04/21,7.71649
30/04/21,7.71812
1/05/21,7.71812
2/05/21,7.71812
3/05/21,7.71812
4/05/21,7.71336
5/05/21,7.71288
6/05/21,7.7117
7/05/21,7.71133
8/05/21,7.71133
9/05/21,7.71133
10/05/21,7.71048
11/05/21,7.70861
12/05/21,7.71034
13/05/21,7.70898
14/05/21,7.7102
15/05/21,7.7102
16/05/21,7.7102
17/05/21,7.70923
18/05/21,7.7092
19/05/21,7.71246
20/05/21,7.71203
21/05/21,7.71822
22/05/21,7.71822
23/05/21,7.71822
24/05/21,7.71544
25/05/21,7.71791
26/05/21,7.71942
27/05/21,7.7219
28/05/21,7.72459
29/05/21,7.72459
30/05/21,7.72459
31/05/21,7.72117
1/06/21,7.72935
2/06/21,7.72179
3/06/21,7.72533
4/06/21,7.72994
5/06/21,7.72994
6/06/21,7.72994
7/06/21,7.72393
8/06/21,7.72481
9/06/21,7.73186
10/06/21,7.73802
11/06/21,7.74072
12/06/21,7.74072
13/06/21,7.74072
14/06/21,7.737
15/06/21,7.73582
16/06/21,7.74111
17/06/21,7.74153
18/06/21,7.74443
19/06/21,7.74443
20/06/21,7.74443
21/06/21,7.73757
22/06/21,7.738
23/06/21,7.74412
24/06/21,7.74428
25/06/21,7.75033
26/06/21,7.75033
27/06/21,7.75033
28/06/21,7.75033
29/06/21,7.75033
30/06/21,7.74404
1/07/21,7.744
2/07/21,7.74502
3/07/21,7.74502
4/07/21,7.74502
5/07/21,7.74235
6/07/21,7.74274
7/07/21,7.74339
8/07/21,7.74471
9/07/21,7.74768
10/07/21,7.74768
11/07/21,7.74768
12/07/21,7.74799
13/07/21,7.74134
14/07/21,7.74309
15/07/21,7.74341
16/07/21,7.74478
17/07/21,7.74478
18/07/21,7.74478
19/07/21,7.74535
20/07/21,7.74279
21/07/21,7.74457
22/07/21,7.74615
23/07/21,7.74671
24/07/21,7.74671
25/07/21,7.74671
26/07/21,7.74425
27/07/21,7.74312
28/07/21,7.74328
29/07/21,7.74762
30/07/21,7.74751
31/07/21,7.74751
1/08/21,7.74751
2/08/21,7.74846
3/08/21,7.74181
4/08/21,7.74579
5/08/21,7.74765
6/08/21,7.74821
7/08/21,7.74821
8/08/21,7.74821
9/08/21,7.74671
10/08/21,7.74134
11/08/21,7.7395
12/08/21,7.73969
13/08/21,7.73802
14/08/21,7.73802
15/08/21,7.73802
16/08/21,7.73802
17/08/21,7.73577
18/08/21,7.73522
19/08/21,7.73636
20/08/21,7.73501
21/08/21,7.73501
22/08/21,7.73501
23/08/21,7.73248
24/08/21,7.73216
25/08/21,7.73273
26/08/21,7.73256
27/08/21,7.73179
28/08/21,7.73179
29/08/21,7.73179
30/08/21,7.72752
31/08/21,7.72957
1/09/21,7.7308
2/09/21,7.73415
3/09/21,7.73213
4/09/21,7.73213
5/09/21,7.73213
6/09/21,7.72922
7/09/21,7.73432
8/09/21,7.73144
9/09/21,7.729
10/09/21,7.73025
11/09/21,7.73025
12/09/21,7.73025
13/09/21,7.72909
14/09/21,7.7276
15/09/21,7.7276
16/09/21,7.72827
17/09/21,7.73272
18/09/21,7.73272
19/09/21,7.73272
20/09/21,7.73082
21/09/21,7.72868
22/09/21,7.73206
23/09/21,7.73345
24/09/21,7.7369
25/09/21,7.7369
26/09/21,7.7369
27/09/21,7.73277
28/09/21,7.73175
29/09/21,7.73524
30/09/21,7.73365
1/10/21,7.73369
2/10/21,7.73369
3/10/21,7.73369
4/10/21,7.72995
5/10/21,7.72931
6/10/21,7.73116
7/10/21,7.73216
8/10/21,7.73128
9/10/21,7.73128
10/10/21,7.73128
11/10/21,7.72898
12/10/21,7.72898
13/10/21,7.73177
14/10/21,7.72891
15/10/21,7.73147
16/10/21,7.73147
17/10/21,7.73147
18/10/21,7.73017
19/10/21,7.72756
20/10/21,7.72756
21/10/21,7.72975
22/10/21,7.73264
23/10/21,7.73264
24/10/21,7.73264
25/10/21,7.72948
26/10/21,7.72908
27/10/21,7.73331
28/10/21,7.73647
29/10/21,7.73464
30/10/21,7.73464
31/10/21,7.73464
1/11/21,7.73464
2/11/21,7.73554
3/11/21,7.73091
4/11/21,7.73206
5/11/21,7.73221
6/11/21,7.73221
7/11/21,7.73221
8/11/21,7.72991
9/11/21,7.72837
10/11/21,7.72687
11/11/21,7.7275
12/11/21,7.73171
13/11/21,7.73171
14/11/21,7.73171
15/11/21,7.72977
16/11/21,7.72696
17/11/21,7.7329
18/11/21,7.73088
19/11/21,7.73298
20/11/21,7.73298
21/11/21,7.73298
22/11/21,7.7254
23/11/21,7.72921
24/11/21,7.73146
25/11/21,7.73144
26/11/21,7.73483
27/11/21,7.73483
28/11/21,7.73483
29/11/21,7.73149
30/11/21,7.73058
1/12/21,7.73219
2/12/21,7.7308
3/12/21,7.73654
4/12/21,7.73654
5/12/21,7.73654
6/12/21,7.72819
7/12/21,7.72825
8/12/21,7.7317
9/12/21,7.7286
10/12/21,7.73244
11/12/21,7.73244
12/12/21,7.73244
13/12/21,7.7276
14/12/21,7.72471
15/12/21,7.72525
16/12/21,7.72374
17/12/21,7.72464
18/12/21,7.72464
19/12/21,7.72464
20/12/21,7.7221
21/12/21,7.71769
22/12/21,7.72082
23/12/21,7.71827
24/12/21,7.71628
25/12/21,7.71628
26/12/21,7.71628
27/12/21,7.71628
28/12/21,7.72447
29/12/21,7.71924
30/12/21,7.71912
31/12/21,7.71912
1/01/22,7.71912
2/01/22,7.71912
3/01/22,7.71912
4/01/22,7.71745
5/01/22,7.71558
6/01/22,7.71823
7/01/22,7.71343
8/01/22,7.71343
9/01/22,7.71343
10/01/22,7.71101
11/01/22,7.70832
12/01/22,7.70898
13/01/22,7.7062
14/01/22,7.70777
15/01/22,7.70777
16/01/22,7.70777
17/01/22,7.70046
18/01/22,7.70453
19/01/22,7.69958
20/01/22,7.69537
21/01/22,7.69195
22/01/22,7.69195
23/01/22,7.69195
24/01/22,7.68855
25/01/22,7.68581
26/01/22,7.68541
27/01/22,7.68649
28/01/22,7.68995
29/01/22,7.68995
30/01/22,7.68995
31/01/22,7.68981
1/02/22,7.68555
2/02/22,7.69221
3/02/22,7.69189
4/02/22,7.69495
5/02/22,7.69495
6/02/22,7.69495
7/02/22,7.69122
8/02/22,7.6886
9/02/22,7.69229
10/02/22,7.69531
11/02/22,7.69226
12/02/22,7.69226
13/02/22,7.69226
14/02/22,7.69255
15/02/22,7.68841
16/02/22,7.69562
17/02/22,7.69349
18/02/22,7.70039
19/02/22,7.70039
20/02/22,7.70039
21/02/22,7.69849
22/02/22,7.70788
23/02/22,7.70468
24/02/22,7.71285
25/02/22,7.7169
26/02/22,7.7169
27/02/22,7.7169
28/02/22,7.71322
1/03/22,7.7044
2/03/22,7.70543
3/03/22,7.71199
4/03/22,7.71002
5/03/22,7.71002
6/03/22,7.71002
7/03/22,7.70431
8/03/22,7.69932
9/03/22,7.7011
10/03/22,7.70164
11/03/22,7.70105
12/03/22,7.70105
13/03/22,7.70105
14/03/22,7.69793
15/03/22,7.69146
16/03/22,7.6951
17/03/22,7.6938
18/03/22,7.69159
19/03/22,7.69159
20/03/22,7.69159
21/03/22,7.68837
22/03/22,7.68464
23/03/22,7.68438
24/03/22,7.6827
25/03/22,7.68169
26/03/22,7.68169
27/03/22,7.68169
28/03/22,7.67889
29/03/22,7.6783
30/03/22,7.68052
31/03/22,7.68025
1/04/22,7.67947
2/04/22,7.67947
3/04/22,7.67947
4/04/22,7.67499
5/04/22,7.67298
6/04/22,7.675
7/04/22,7.66993
8/04/22,7.66874
9/04/22,7.66874
10/04/22,7.66874
11/04/22,7.66512
12/04/22,7.66356
13/04/22,7.65901
14/04/22,7.65901
15/04/22,7.65901
16/04/22,7.65901
17/04/22,7.65901
18/04/22,7.65849
19/04/22,7.65599
20/04/22,7.65576
21/04/22,7.65446
22/04/22,7.65309
23/04/22,7.65309
24/04/22,7.65309
25/04/22,7.6509
26/04/22,7.65144
27/04/22,7.65353
28/04/22,7.65775
29/04/22,7.66517
30/04/22,7.66517
1/05/22,7.66517
2/05/22,7.66517
3/05/22,7.6614
4/05/22,7.66582
5/05/22,7.67075
6/05/22,7.66795
7/05/22,7.66795
8/05/22,7.66795
9/05/22,7.66706
10/05/22,7.66326
11/05/22,7.66764
12/05/22,7.66945
13/05/22,7.66915
14/05/22,7.66915
15/05/22,7.66915
16/05/22,7.66475
17/05/22,7.66612
18/05/22,7.66642
19/05/22,7.66703
20/05/22,7.66692
21/05/22,7.66692
22/05/22,7.66692
23/05/22,7.66903
24/05/22,7.66774
25/05/22,7.67577
26/05/22,7.67318
27/05/22,7.6819
28/05/22,7.6819
29/05/22,7.6819
30/05/22,7.67765
31/05/22,7.68434
1/06/22,7.69552
2/06/22,7.70758
3/06/22,7.71242
4/06/22,7.71242
5/06/22,7.71242
6/06/22,7.70466
7/06/22,7.70703
8/06/22,7.72074
9/06/22,7.72609
10/06/22,7.73206
11/06/22,7.73206
12/06/22,7.73206
13/06/22,7.73104
14/06/22,7.73281
15/06/22,7.73886
16/06/22,7.73889
17/06/22,7.74046
18/06/22,7.74046
19/06/22,7.74046
20/06/22,7.74102
21/06/22,7.74969
22/06/22,7.74745
23/06/22,7.75104
24/06/22,7.7589
25/06/22,7.7589
26/06/22,7.7589
27/06/22,7.75404
28/06/22,7.7598
29/06/22,7.75819
30/06/22,7.75608
1/07/22,7.75608
2/07/22,7.75608
3/07/22,7.75608
4/07/22,7.75608
5/07/22,7.75281
6/07/22,7.74979
7/07/22,7.74659
8/07/22,7.74712
9/07/22,7.74712
10/07/22,7.74712
11/07/22,7.7437
12/07/22,7.74028
13/07/22,7.73859
14/07/22,7.73526
15/07/22,7.73556
16/07/22,7.73556
17/07/22,7.73556
18/07/22,7.73159
19/07/22,7.72793
20/07/22,7.73174
21/07/22,7.72924
22/07/22,7.73052
23/07/22,7.73052
24/07/22,7.73052
25/07/22,7.7278
26/07/22,7.72833
27/07/22,7.73171
28/07/22,7.73485
29/07/22,7.73654
30/07/22,7.73654
31/07/22,7.73654
1/08/22,7.72946
2/08/22,7.72848
3/08/22,7.73292
4/08/22,7.7333
5/08/22,7.73337
6/08/22,7.73337
7/08/22,7.73337
8/08/22,7.72989
9/08/22,7.7258
10/08/22,7.73248
11/08/22,7.73132
12/08/22,7.734
13/08/22,7.734
14/08/22,7.734
15/08/22,7.734
16/08/22,7.72649
17/08/22,7.72851
18/08/22,7.73095
19/08/22,7.7278
20/08/22,7.7278
21/08/22,7.7278
22/08/22,7.72716
23/08/22,7.72815
24/08/22,7.73053
25/08/22,7.7338
26/08/22,7.73368
27/08/22,7.73368
28/08/22,7.73368
29/08/22,7.73147
30/08/22,7.73099
31/08/22,7.73819
1/09/22,7.7408
2/09/22,7.74268
3/09/22,7.74268
4/09/22,7.74268
5/09/22,7.74108
6/09/22,7.75755
7/09/22,7.75842
8/09/22,7.77893
9/09/22,7.79688
10/09/22,7.79688
11/09/22,7.79688
12/09/22,7.78774
13/09/22,7.78898
14/09/22,7.79585
15/09/22,7.79585
16/09/22,7.79626
17/09/22,7.79626
18/09/22,7.79626
19/09/22,7.79986
20/09/22,7.80091
21/09/22,7.81384
22/09/22,7.82975
23/09/22,7.842
24/09/22,7.842
25/09/22,7.842
26/09/22,7.84218
27/09/22,7.84578
28/09/22,7.85501
29/09/22,7.86284
30/09/22,7.88368
1/10/22,7.88368
2/10/22,7.88368
3/10/22,7.89856
4/10/22,7.90963
5/10/22,7.91233
6/10/22,7.9026
7/10/22,7.89334
8/10/22,7.89334
9/10/22,7.89334
10/10/22,7.87662
11/10/22,7.8757
12/10/22,7.8757
13/10/22,7.86625
14/10/22,7.86252
15/10/22,7.86252
16/10/22,7.86252
17/10/22,7.85768
18/10/22,7.85275
19/10/22,7.85157
20/10/22,7.85157
21/10/22,7.84831
22/10/22,7.84831
23/10/22,7.84831
24/10/22,7.84248
25/10/22,7.84511
26/10/22,7.84399
27/10/22,7.83655
28/10/22,7.83772
29/10/22,7.83772
30/10/22,7.83772
31/10/22,7.82857
1/11/22,7.82857
2/11/22,7.82497
3/11/22,7.82784
4/11/22,7.82196
5/11/22,7.82196
6/11/22,7.82196
7/11/22,7.81898
8/11/22,7.81314
9/11/22,7.81259
10/11/22,7.8116
11/11/22,7.80692
12/11/22,7.80692
13/11/22,7.80692
14/11/22,7.80536
15/11/22,7.79823
16/11/22,7.79839
17/11/22,7.79936
18/11/22,7.79773
19/11/22,7.79773
20/11/22,7.79773
21/11/22,7.79372
22/11/22,7.80497
23/11/22,7.81468
24/11/22,7.8183
25/11/22,7.82619
26/11/22,7.82619
27/11/22,7.82619
28/11/22,7.81998
29/11/22,7.82766
30/11/22,7.84134
1/12/22,7.84143
2/12/22,7.85875
3/12/22,7.85875
4/12/22,7.85875
5/12/22,7.87534
6/12/22,7.90912
7/12/22,7.93024
8/12/22,7.90901
9/12/22,7.89634
10/12/22,7.89634
11/12/22,7.89634
12/12/22,7.88174
13/12/22,7.87402
14/12/22,7.87702
15/12/22,7.86627
16/12/22,7.86912
17/12/22,7.86912
18/12/22,7.86912
19/12/22,7.85836
20/12/22,7.85599
21/12/22,7.85419
22/12/22,7.85527
23/12/22,7.84914
24/12/22,7.84914
25/12/22,7.84914
26/12/22,7.84914
27/12/22,7.84739
28/12/22,7.85028
29/12/22,7.85222
30/12/22,7.85222
31/12/22,7.85222
1/01/23,7.85222
2/01/23,7.85222
3/01/23,7.84773
4/01/23,7.84906
5/01/23,7.85221
6/01/23,7.84856
7/01/23,7.84856
8/01/23,7.84856
9/01/23,7.84628
10/01/23,7.84395
11/01/23,7.8488
12/01/23,7.85
13/01/23,7.84942
14/01/23,7.84942
15/01/23,7.84942
16/01/23,7.84319
17/01/23,7.84762
18/01/23,7.84834
19/01/23,7.85007
20/01/23,7.85078
21/01/23,7.85078
22/01/23,7.85078
23/01/23,7.84295
24/01/23,7.84379
25/01/23,7.84883
26/01/23,7.85069
27/01/23,7.85212
28/01/23,7.85212
29/01/23,7.85212
30/01/23,7.84886
31/01/23,7.84855
1/02/23,7.84957
2/02/23,7.84667
3/02/23,7.84714
4/02/23,7.84714
5/02/23,7.84714
6/02/23,7.84306
7/02/23,7.84298
8/02/23,7.84282
9/02/23,7.84208
10/02/23,7.83792
11/02/23,7.83792
12/02/23,7.83792
13/02/23,7.83567
14/02/23,7.83256
15/02/23,7.8313
16/02/23,7.82864
17/02/23,7.82638
18/02/23,7.82638
19/02/23,7.82638
20/02/23,7.81821
21/02/23,7.82129
22/02/23,7.81596
23/02/23,7.81696
24/02/23,7.8179
25/02/23,7.8179
26/02/23,7.8179
27/02/23,7.81549
28/02/23,7.81493
1/03/23,7.81525
2/03/23,7.81859
3/03/23,7.81359
4/03/23,7.81359
5/03/23,7.81359
6/03/23,7.81199
7/03/23,7.80397
8/03/23,7.80973
9/03/23,7.80754
10/03/23,7.80715
11/03/23,7.80715
12/03/23,7.80715
13/03/23,7.79947
14/03/23,7.79731
15/03/23,7.79834
16/03/23,7.80412
17/03/23,7.80243
18/03/23,7.80243
19/03/23,7.80243
20/03/23,7.79631
21/03/23,7.79352
22/03/23,7.80256
23/03/23,7.80387
24/03/23,7.80518
25/03/23,7.80518
26/03/23,7.80518
27/03/23,7.79869
28/03/23,7.79912
29/03/23,7.80317
30/03/23,7.80234
31/03/23,7.80335
1/04/23,7.80335
2/04/23,7.80335
3/04/23,7.79691
4/04/23,7.79431
5/04/23,7.79329
6/04/23,7.79329
7/04/23,7.79329
8/04/23,7.79329
9/04/23,7.79329
10/04/23,7.79921
11/04/23,7.79501
12/04/23,7.79866
13/04/23,7.79625
14/04/23,7.80261
15/04/23,7.80261
16/04/23,7.80261
17/04/23,7.8006
18/04/23,7.7967
19/04/23,7.79898
20/04/23,7.79925
21/04/23,7.79964
22/04/23,7.79964
23/04/23,7.79964
24/04/23,7.79702
25/04/23,7.79572
26/04/23,7.80198
27/04/23,7.80424
28/04/23,7.80826
29/04/23,7.80826
30/04/23,7.80826
1/05/23,7.80826
2/05/23,7.80055
3/05/23,7.80673
4/05/23,7.80938
5/05/23,7.80739
6/05/23,7.80739
7/05/23,7.80739
8/05/23,7.8028
9/05/23,7.80568
10/05/23,7.80601
11/05/23,7.80379
12/05/23,7.80649
13/05/23,7.80649
14/05/23,7.80649
15/05/23,7.80223
16/05/23,7.80323
17/05/23,7.80156
18/05/23,7.80495
19/05/23,7.80399
20/05/23,7.80399
21/05/23,7.80399
22/05/23,7.80453
23/05/23,7.80354
24/05/23,7.80974
25/05/23,7.81685
26/05/23,7.82145
27/05/23,7.82145
28/05/23,7.82145
29/05/23,7.82029
30/05/23,7.82886
31/05/23,7.83014
1/06/23,7.8366
2/06/23,7.83809
3/06/23,7.83809
4/06/23,7.83809
5/06/23,7.82959
6/06/23,7.82919
7/06/23,7.83743
8/06/23,7.83755
9/06/23,7.83852
10/06/23,7.83852
11/06/23,7.83852
12/06/23,7.83317
13/06/23,7.83321
14/06/23,7.83379
15/06/23,7.83909
16/06/23,7.83924
17/06/23,7.83924
18/06/23,7.83924
19/06/23,7.83373
20/06/23,7.84215
21/06/23,7.8377
22/06/23,7.83963
23/06/23,7.84308
24/06/23,7.84308
25/06/23,7.84308
26/06/23,7.83445
27/06/23,7.84069
28/06/23,7.84326
29/06/23,7.84576
30/06/23,7.84576
1/07/23,7.84576
2/07/23,7.84576
3/07/23,7.84576
4/07/23,7.84107
5/07/23,7.84545
6/07/23,7.84564
7/07/23,7.84717
8/07/23,7.84717
9/07/23,7.84717
10/07/23,7.84097
11/07/23,7.84161
12/07/23,7.8457
13/07/23,7.84314
14/07/23,7.84812
15/07/23,7.84812
16/07/23,7.84812
17/07/23,7.84281
18/07/23,7.84349
19/07/23,7.84612
20/07/23,7.84814
21/07/23,7.84913
22/07/23,7.84913
23/07/23,7.84913
24/07/23,7.84918
25/07/23,7.84857
26/07/23,7.85244
27/07/23,7.86393
28/07/23,7.86955
29/07/23,7.86955
30/07/23,7.86955
31/07/23,7.86893
1/08/23,7.86466
2/08/23,7.86984
3/08/23,7.86853
4/08/23,7.86956
5/08/23,7.86956
6/08/23,7.86956
7/08/23,7.86202
8/08/23,7.86093
9/08/23,7.86111
10/08/23,7.86178
11/08/23,7.8577
12/08/23,7.8577
13/08/23,7.8577
14/08/23,7.85084
15/08/23,7.85084
16/08/23,7.84999
17/08/23,7.85065
18/08/23,7.85081
19/08/23,7.85081
20/08/23,7.85081
21/08/23,7.8485
22/08/23,7.8476
23/08/23,7.8527
24/08/23,7.86094
25/08/23,7.86352
26/08/23,7.86352
27/08/23,7.86352
28/08/23,7.86209
29/08/23,7.86456
30/08/23,7.86564
31/08/23,7.87154
1/09/23,7.87138
2/09/23,7.87138
3/09/23,7.87138
4/09/23,7.86255
5/09/23,7.87296
6/09/23,7.86522
7/09/23,7.86869
8/09/23,7.87425
9/09/23,7.87425
10/09/23,7.87425
11/09/23,7.86798
12/09/23,7.86925
13/09/23,7.87316
14/09/23,7.87117
15/09/23,7.87117
16/09/23,7.87117
17/09/23,7.87117
18/09/23,7.8674
19/09/23,7.8655
20/09/23,7.86598
21/09/23,7.86641
22/09/23,7.86623
23/09/23,7.86623
24/09/23,7.86623
25/09/23,7.86259
26/09/23,7.85984
27/09/23,7.86021
28/09/23,7.85906
29/09/23,7.85833
30/09/23,7.85833
1/10/23,7.85833
2/10/23,7.85164
3/10/23,7.84984
4/10/23,7.85072
5/10/23,7.84522
6/10/23,7.84518
7/10/23,7.84518
8/10/23,7.84518
9/10/23,7.84317
10/10/23,7.85032
11/10/23,7.84107
12/10/23,7.84107
13/10/23,7.84314
14/10/23,7.84314
15/10/23,7.84314
16/10/23,7.83895
17/10/23,7.84116
18/10/23,7.84075
19/10/23,7.83984
20/10/23,7.83984
21/10/23,7.83984
22/10/23,7.83984
23/10/23,7.83653
24/10/23,7.83386
25/10/23,7.83807
26/10/23,7.84253
27/10/23,7.84232
28/10/23,7.84232
29/10/23,7.84232
30/10/23,7.83714
31/10/23,7.83252
1/11/23,7.83252
2/11/23,7.8322
3/11/23,7.83155
4/11/23,7.83155
5/11/23,7.83155
6/11/23,7.82741
7/11/23,7.82629